{"name":"7a84217e-0867-42e5-9c3b-030fae83809b","id":"/providers/Microsoft.Flow/flows/7a84217e-0867-42e5-9c3b-030fae83809b","type":"Microsoft.Flow/flows","properties":{"apiId":"/providers/Microsoft.PowerApps/apis/shared_logicflows","displayName":"BC OOO - Schedule","definition":{"metadata":{"workflowEntityId":null,"processAdvisorMetadata":null,"flowChargedByPaygo":null,"flowclientsuspensionreason":"None","flowclientsuspensiontime":null,"flowclientsuspensionreasondetails":null,"creator":{"id":"0bbac2da-c586-41d4-b377-dba740b4c425","type":"User","tenantId":"e9fb01f1-ce01-43af-9a27-f400492a3d8c"},"provisioningMethod":"FromDefinition","failureAlertSubscription":true,"clientLastModifiedTime":"2024-11-10T16:39:57.9815375Z","connectionKeySavedTimeKey":"2024-11-10T16:39:57.9815375Z"},"$schema":"https://schema.management.azure.com/providers/Microsoft.Logic/schemas/2016-06-01/workflowdefinition.json#","contentVersion":"undefined","parameters":{"$authentication":{"defaultValue":{},"type":"SecureObject"},"$connections":{"defaultValue":{},"type":"Object"}},"triggers":{"Recurrence":{"recurrence":{"frequency":"Minute","interval":5,"startTime":"2024-10-31T10:00:00.000Z"},"type":"Recurrence"}},"actions":{"Find_records_(V3)_-_All_open_approval_entries_with_ApproverID_email":{"runAfter":{},"type":"OpenApiConnection","inputs":{"parameters":{"bcenvironment":"SANDBOX","company":"34e64947-0195-ef11-8a6e-6045bde99c85","dataset":"winagte365/w365queries/v1.0","table":"approvalEntryUserLines","$filter":"Status eq 'open'"},"host":{"apiId":"/providers/Microsoft.PowerApps/apis/shared_dynamicssmbsaas","connectionName":"shared_dynamicssmbsaas","operationId":"GetItemsV3"},"authentication":"@parameters('$authentication')"}},"For_each_-_Open_Approval":{"foreach":"@outputs('Find_records_(V3)_-_All_open_approval_entries_with_ApproverID_email')?['body/value']","actions":{"Get_Mail_Tips":{"type":"OpenApiConnection","inputs":{"parameters":{"body/EmailAddresses":["@item()?['eMail']"]},"host":{"apiId":"/providers/Microsoft.PowerApps/apis/shared_office365","connectionName":"shared_office365","operationId":"GetMailTips_V2"},"authentication":"@parameters('$authentication')"}},"Condition":{"actions":{"Run_action_(V3)":{"type":"OpenApiConnection","inputs":{"parameters":{"bcenvironment":"SANDBOX","company":"34e64947-0195-ef11-8a6e-6045bde99c85","dataset":"wingate365/w365apiActions/v1.0","procedure":"approvalEntry-_delegate","parameters/SystemId":"@item()?['systemId']"},"host":{"apiId":"/providers/Microsoft.PowerApps/apis/shared_dynamicssmbsaas","connectionName":"shared_dynamicssmbsaas","operationId":"ExecuteProcedureV3"},"authentication":"@parameters('$authentication')"}}},"runAfter":{"Compose":["Succeeded"]},"else":{"actions":{}},"expression":{"and":[{"not":{"equals":["@outputs('Compose')",""]}}]},"type":"If"},"Compose":{"runAfter":{"Get_Mail_Tips":["Succeeded"]},"type":"Compose","inputs":"@first(outputs('Get_Mail_Tips')?['body/value'])?['automaticReplies/message']"}},"runAfter":{"Find_records_(V3)_-_All_open_approval_entries_with_ApproverID_email":["Succeeded"]},"type":"Foreach"}}},"connectionReferences":{"shared_dynamicssmbsaas":{"connectionName":"shared-dynamicssmbsa-eeebe3f9-8006-42bc-a533-695a4d2e7443","source":"Embedded","id":"/providers/Microsoft.PowerApps/apis/shared_dynamicssmbsaas","tier":"NotSpecified"},"shared_office365":{"connectionName":"shared-office365-872bdd99-0e39-4aa6-9b32-4cd5dc07a379","source":"Embedded","id":"/providers/Microsoft.PowerApps/apis/shared_office365","tier":"NotSpecified"}},"flowFailureAlertSubscribed":false,"isManaged":false}}